,Date,Signal,Entry Level,Exit Level,BOD Units,EOD Units
0,2015-01-28,0,,,0,0
1,2015-01-29,0,,,0,0
2,2015-01-30,0,,,0,0
3,2015-02-02,0,,,0,0
4,2015-02-03,0,,,0,0
5,2015-02-04,0,,,0,0
6,2015-02-05,0,,,0,0
7,2015-02-06,1,119.12,,0,1
8,2015-02-09,1,119.12,,1,1
9,2015-02-10,1,119.275,,1,2.0
10,2015-02-11,1,119.8675,,2.0,4.0
11,2015-02-12,1,119.8675,,4.0,4.0
12,2015-02-13,0,119.8675,,4.0,4.0
13,2015-02-16,0,119.8675,,4.0,4.0
14,2015-02-17,0,119.8675,,4.0,4.0
15,2015-02-18,0,119.8675,,4.0,4.0
16,2015-02-19,-0.5,119.8675,118.95,4.0,0
17,2015-02-20,0,,,0,0
18,2015-02-23,0,,,0,0
19,2015-02-24,0,,,0,0
20,2015-02-25,0,,,0,0
21,2015-02-26,0,,,0,0
22,2015-02-27,0,,,0,0
23,2015-03-02,0,,,0,0
24,2015-03-03,0,,,0,0
25,2015-03-04,0,,,0,0
26,2015-03-05,0,,,0,0
27,2015-03-06,1,120.83,,0,1
28,2015-03-09,1,120.99000000000001,,1,2.0
29,2015-03-10,1,121.06,,2.0,4.0
30,2015-03-11,1,121.06,,4.0,4.0
31,2015-03-12,1,121.06,,4.0,4.0
32,2015-03-13,1,121.06,,4.0,4.0
33,2015-03-16,1,121.06,,4.0,4.0
34,2015-03-17,1,121.06,,4.0,4.0
35,2015-03-18,-0.5,121.06,120.11,4.0,0
36,2015-03-19,0,,,0,0
37,2015-03-20,0,,,0,0
38,2015-03-23,0,,,0,0
39,2015-03-24,0,,,0,0
40,2015-03-25,0,,,0,0
41,2015-03-26,-1,119.19,,0,-1
42,2015-03-27,-1,119.16,,-1,-2.0
43,2015-03-30,-1,119.16,,-2.0,-2.0
44,2015-03-31,0,119.16,,-2.0,-2.0
45,2015-04-01,0,119.16,,-2.0,-2.0
46,2015-04-02,0,119.16,,-2.0,-2.0
47,2015-04-03,-1,119.09666666666665,,-2.0,-3.0
48,2015-04-06,-1,119.2075,,-3.0,-4.0
49,2015-04-07,0.5,119.2075,120.28,-4.0,0
50,2015-04-08,0,,,0,0
51,2015-04-09,0,,,0,0
52,2015-04-10,0,,,0,0
53,2015-04-13,0,,,0,0
54,2015-04-14,0,,,0,0
55,2015-04-15,-1,118.97,,0,-1
56,2015-04-16,-1,118.97,,-1,-1
57,2015-04-17,-1,118.935,,-1,-2.0
58,2015-04-20,-1,119.01666666666667,,-2.0,-3.0
59,2015-04-21,0,119.01666666666667,,-3.0,-3.0
60,2015-04-22,0,119.01666666666667,,-3.0,-3.0
61,2015-04-23,0,119.01666666666667,,-3.0,-3.0
62,2015-04-24,-1,119.01666666666667,,-3.0,-3.0
63,2015-04-27,-1,119.02250000000001,,-3.0,-4.0
64,2015-04-28,-1,119.02250000000001,,-4.0,-4.0
65,2015-04-29,-1,119.02250000000001,,-4.0,-4.0
66,2015-04-30,-1,119.02250000000001,,-4.0,-4.0
67,2015-05-01,0.5,119.02250000000001,120.15,-4.0,0
68,2015-05-04,0,,,0,0
69,2015-05-05,0,,,0,0
70,2015-05-06,0,,,0,0
71,2015-05-07,0,,,0,0
72,2015-05-08,1,120.22,,0,1
73,2015-05-11,0,120.22,,1,1
74,2015-05-12,1,120.22,,1,1
75,2015-05-13,-0.5,120.22,119.15,1,0
76,2015-05-14,0,,,0,0
77,2015-05-15,0,,,0,0
78,2015-05-18,0,,,0,0
79,2015-05-19,1,120.69,,0,1
80,2015-05-20,1,121.13,,1,3.0
81,2015-05-21,1,121.1075,,3.0,4.0
82,2015-05-22,1,121.1075,,4.0,4.0
83,2015-05-25,1,121.1075,,4.0,4.0
84,2015-05-26,1,121.1075,,4.0,4.0
85,2015-05-27,1,121.1075,,4.0,4.0
86,2015-05-28,1,121.1075,,4.0,4.0
87,2015-05-29,1,121.1075,,4.0,4.0
88,2015-06-01,1,121.1075,,4.0,4.0
89,2015-06-02,1,121.1075,,4.0,4.0
90,2015-06-03,0,121.1075,,4.0,4.0
91,2015-06-04,0,121.1075,,4.0,4.0
92,2015-06-05,1,121.1075,,4.0,4.0
93,2015-06-08,1,121.1075,,4.0,4.0
94,2015-06-09,0,121.1075,,4.0,4.0
95,2015-06-10,-0.5,121.1075,122.68,4.0,0
96,2015-06-11,0,,,0,0
97,2015-06-12,0,,,0,0
98,2015-06-15,0,,,0,0
99,2015-06-16,0,,,0,0
100,2015-06-17,0,,,0,0
101,2015-06-18,0,,,0,0
102,2015-06-19,0,,,0,0
103,2015-06-22,0,,,0,0
104,2015-06-23,0,,,0,0
105,2015-06-24,0,,,0,0
106,2015-06-25,0,,,0,0
107,2015-06-26,0,,,0,0
108,2015-06-29,-1,122.54,,0,-1
109,2015-06-30,-1,122.52000000000001,,-1,-2.0
110,2015-07-01,-1,122.52000000000001,,-2.0,-2.0
111,2015-07-02,0,122.52000000000001,,-2.0,-2.0
112,2015-07-03,0,122.52000000000001,,-2.0,-2.0
113,2015-07-06,-1,122.545,,-2.0,-4.0
114,2015-07-07,-1,122.545,,-4.0,-4.0
115,2015-07-08,-1,122.545,,-4.0,-4.0
116,2015-07-09,-1,122.545,,-4.0,-4.0
117,2015-07-10,0,122.545,,-4.0,-4.0
118,2015-07-13,0.5,122.545,123.43,-4.0,0
119,2015-07-14,0,,,0,0
120,2015-07-15,1,123.94,,0,1
121,2015-07-16,1,123.94,,1,1
122,2015-07-17,1,124.015,,1,2.0
123,2015-07-20,1,124.10000000000001,,2.0,3.0
124,2015-07-21,1,124.0475,,3.0,4.0
125,2015-07-22,0,124.0475,,4.0,4.0
126,2015-07-23,0,124.0475,,4.0,4.0
127,2015-07-24,0,124.0475,,4.0,4.0
128,2015-07-27,-0.5,124.0475,123.25,4.0,0
129,2015-07-28,0,,,0,0
130,2015-07-29,0,,,0,0
131,2015-07-30,1,124.27,,0,1
132,2015-07-31,1,124.27,,1,1
133,2015-08-03,0,124.27,,1,1
134,2015-08-04,1,124.27,,1,1
135,2015-08-05,1,124.67,,1,3.0
136,2015-08-06,1,124.6875,,3.0,4.0
137,2015-08-07,1,124.6875,,4.0,4.0
138,2015-08-10,0,124.6875,,4.0,4.0
139,2015-08-11,1,124.6875,,4.0,4.0
140,2015-08-12,1,124.6875,,4.0,4.0
141,2015-08-13,0,124.6875,,4.0,4.0
142,2015-08-14,0,124.6875,,4.0,4.0
143,2015-08-17,0,124.6875,,4.0,4.0
144,2015-08-18,-0.5,124.6875,124.41,4.0,0
145,2015-08-19,0,,,0,0
146,2015-08-20,0,,,0,0
147,2015-08-21,-1,122.04,,0,-1
148,2015-08-24,-1,119.31750000000001,,-1,-4
149,2015-08-25,-1,119.31750000000001,,-4,-4
150,2015-08-26,0,119.31750000000001,,-4,-4
151,2015-08-27,0,119.31750000000001,,-4,-4
152,2015-08-28,0,119.31750000000001,,-4,-4
153,2015-08-31,0,119.31750000000001,,-4,-4
154,2015-09-01,0,119.31750000000001,,-4,-4
155,2015-09-02,0,119.31750000000001,,-4,-4
156,2015-09-03,0,119.31750000000001,,-4,-4
157,2015-09-04,0,119.31750000000001,,-4,-4
158,2015-09-07,0,119.31750000000001,,-4,-4
159,2015-09-08,0,119.31750000000001,,-4,-4
160,2015-09-09,0,119.31750000000001,,-4,-4
161,2015-09-10,0,119.31750000000001,,-4,-4
162,2015-09-11,0,119.31750000000001,,-4,-4
163,2015-09-14,0.5,119.31750000000001,120.23,-4,0
164,2015-09-15,0,,,0,0
165,2015-09-16,0,,,0,0
166,2015-09-17,0,,,0,0
167,2015-09-18,0,,,0,0
168,2015-09-21,0,,,0,0
169,2015-09-22,0,,,0,0
170,2015-09-23,0,,,0,0
171,2015-09-24,0,,,0,0
172,2015-09-25,0,,,0,0
173,2015-09-28,0,,,0,0
174,2015-09-29,0,,,0,0
175,2015-09-30,0,,,0,0
176,2015-10-01,0,,,0,0
177,2015-10-02,-1,118.99,,0,-1
178,2015-10-05,0,118.99,,-1,-1
179,2015-10-06,0,118.99,,-1,-1
180,2015-10-07,0,118.99,,-1,-1
181,2015-10-08,-1,118.99,,-1,-1
182,2015-10-09,0,118.99,,-1,-1
183,2015-10-12,0,118.99,,-1,-1
184,2015-10-13,-1,118.99,,-1,-1
185,2015-10-14,-1,118.91,,-1,-2.0
186,2015-10-15,-1,118.905,,-2.0,-4.0
187,2015-10-16,0,118.905,,-4.0,-4.0
188,2015-10-19,0,118.905,,-4.0,-4.0
189,2015-10-20,0,118.905,,-4.0,-4.0
190,2015-10-21,0,118.905,,-4.0,-4.0
191,2015-10-22,1,120.69,120.69,-4.0,1
192,2015-10-23,1,121.21,,1,3.0
193,2015-10-26,1,121.1825,,3.0,4.0
194,2015-10-27,0,121.1825,,4.0,4.0
195,2015-10-28,0,121.1825,,4.0,4.0
196,2015-10-29,0,121.1825,,4.0,4.0
197,2015-10-30,1,121.1825,,4.0,4.0
198,2015-11-02,0,121.1825,,4.0,4.0
199,2015-11-03,0,121.1825,,4.0,4.0
200,2015-11-04,1,121.1825,,4.0,4.0
201,2015-11-05,1,121.1825,,4.0,4.0
202,2015-11-06,1,121.1825,,4.0,4.0
203,2015-11-09,1,121.1825,,4.0,4.0
204,2015-11-10,1,121.1825,,4.0,4.0
205,2015-11-11,1,121.1825,,4.0,4.0
206,2015-11-12,0,121.1825,,4.0,4.0
207,2015-11-13,0,121.1825,,4.0,4.0
208,2015-11-16,1,121.1825,,4.0,4.0
209,2015-11-17,1,121.1825,,4.0,4.0
210,2015-11-18,1,121.1825,,4.0,4.0
211,2015-11-19,0,121.1825,,4.0,4.0
212,2015-11-20,0,121.1825,,4.0,4.0
213,2015-11-23,0,121.1825,,4.0,4.0
214,2015-11-24,-0.5,121.1825,122.53,4.0,0
215,2015-11-25,0,,,0,0
216,2015-11-26,0,,,0,0
217,2015-11-27,0,,,0,0
218,2015-11-30,0,,,0,0
219,2015-12-01,0,,,0,0
220,2015-12-02,1,123.64,,0,1
221,2015-12-03,-0.5,123.64,122.61,1,0
222,2015-12-04,-1,122.53,,0,-1
223,2015-12-07,0.5,122.53,123.37,-1,0
224,2015-12-08,0,,,0,0
225,2015-12-09,-1,121.44,,0,-1
226,2015-12-10,-1,121.44,,-1,-1
227,2015-12-11,-1,121.15333333333335,,-1,-3.0
228,2015-12-14,-1,121.1225,,-3.0,-4.0
229,2015-12-15,-1,121.1225,,-4.0,-4.0
230,2015-12-16,0,121.1225,,-4.0,-4.0
231,2015-12-17,0,121.1225,,-4.0,-4.0
232,2015-12-18,1,123.37,121.16,-4.0,1
233,2015-12-21,-1,121.01,121.19,1,-1
234,2015-12-22,-1,121.03999999999999,,-1,-2.0
235,2015-12-23,-1,121.03999999999999,,-2.0,-2.0
236,2015-12-24,-1,120.735,,-2.0,-4.0
237,2015-12-25,-1,120.735,,-4.0,-4.0
238,2015-12-28,-1,120.735,,-4.0,-4.0
239,2015-12-29,-1,120.735,,-4.0,-4.0
240,2015-12-30,0,120.735,,-4.0,-4.0
241,2015-12-31,-1,120.735,,-4.0,-4.0
242,2016-01-01,-1,120.735,,-4.0,-4.0
243,2016-01-04,-1,120.735,,-4.0,-4.0
244,2016-01-05,-1,120.735,,-4.0,-4.0
245,2016-01-06,-1,120.735,,-4.0,-4.0
246,2016-01-07,-1,120.735,,-4.0,-4.0
247,2016-01-08,-1,120.735,,-4.0,-4.0
248,2016-01-11,-1,120.735,,-4.0,-4.0
249,2016-01-12,-1,120.735,,-4.0,-4.0
250,2016-01-13,0,120.735,,-4.0,-4.0
251,2016-01-14,0,120.735,,-4.0,-4.0
252,2016-01-15,-1,120.735,,-4.0,-4.0
253,2016-01-18,-1,120.735,,-4.0,-4.0
254,2016-01-19,0,120.735,,-4.0,-4.0
255,2016-01-20,-1,120.735,,-4.0,-4.0
256,2016-01-21,-1,120.735,,-4.0,-4.0
257,2016-01-22,0.5,120.735,118.78,-4.0,0
258,2016-01-25,0,,,0,0
259,2016-01-26,0,,,0,0
260,2016-01-27,0,,,0,0
261,2016-01-28,0,,,0,0
262,2016-01-29,1,121.14,,0,1
263,2016-02-01,1,121.065,,1,2.0
264,2016-02-02,0,121.065,,2.0,2.0
265,2016-02-03,-0.5,121.065,117.9,2.0,0
266,2016-02-04,-1,116.78,,0,-1
267,2016-02-05,-1,116.825,,-1,-2.0
268,2016-02-08,-1,116.3375,,-2.0,-4.0
269,2016-02-09,-1,116.3375,,-4.0,-4.0
270,2016-02-10,-1,116.3375,,-4.0,-4.0
271,2016-02-11,-1,116.3375,,-4.0,-4.0
272,2016-02-12,-1,116.3375,,-4.0,-4.0
273,2016-02-15,0,116.3375,,-4.0,-4.0
274,2016-02-16,0,116.3375,,-4.0,-4.0
275,2016-02-17,0,116.3375,,-4.0,-4.0
276,2016-02-18,0,116.3375,,-4.0,-4.0
277,2016-02-19,-1,116.3375,,-4.0,-4.0
278,2016-02-22,-1,116.3375,,-4.0,-4.0
279,2016-02-23,-1,116.3375,,-4.0,-4.0
280,2016-02-24,-1,116.3375,,-4.0,-4.0
281,2016-02-25,-1,116.3375,,-4.0,-4.0
282,2016-02-26,0,116.3375,,-4.0,-4.0
283,2016-02-29,0,116.3375,,-4.0,-4.0
284,2016-03-01,0.5,116.3375,114.01,-4.0,0
285,2016-03-02,0,,,0,0
286,2016-03-03,0,,,0,0
287,2016-03-04,0,,,0,0
288,2016-03-07,0,,,0,0
289,2016-03-08,0,,,0,0
290,2016-03-09,0,,,0,0
291,2016-03-10,0,,,0,0
292,2016-03-11,0,,,0,0
293,2016-03-14,0,,,0,0
294,2016-03-15,1,114.1,,0,1
295,2016-03-16,-0.5,114.1,112.56,1,0
296,2016-03-17,-1,111.39,,0,-1
297,2016-03-18,-1,111.47,,-1,-2.0
298,2016-03-21,-1,111.47,,-2.0,-2.0
299,2016-03-22,-1,111.47,,-2.0,-2.0
300,2016-03-23,0,111.47,,-2.0,-2.0
301,2016-03-24,0,111.47,,-2.0,-2.0
302,2016-03-25,0,111.47,,-2.0,-2.0
303,2016-03-28,0.5,111.47,113.45,-2.0,0
304,2016-03-29,0,,,0,0
305,2016-03-30,0,,,0,0
306,2016-03-31,0,,,0,0
307,2016-04-01,0,,,0,0
308,2016-04-04,-1,111.34,,0,-1
309,2016-04-05,-1,110.59,,-1,-4
310,2016-04-06,-1,110.59,,-4,-4
311,2016-04-07,-1,110.59,,-4,-4
312,2016-04-08,-1,110.59,,-4,-4
313,2016-04-11,-1,110.59,,-4,-4
314,2016-04-12,-1,110.59,,-4,-4
315,2016-04-13,0,110.59,,-4,-4
316,2016-04-14,0,110.59,,-4,-4
317,2016-04-15,0,110.59,,-4,-4
318,2016-04-18,-1,110.59,,-4,-4
319,2016-04-19,0,110.59,,-4,-4
320,2016-04-20,0.5,110.59,109.84,-4,0
321,2016-04-21,0,,,0,0
322,2016-04-22,0,,,0,0
323,2016-04-25,0,,,0,0
324,2016-04-26,0,,,0,0
325,2016-04-27,0,,,0,0
326,2016-04-28,-1,107.94,,0,-1
327,2016-04-29,-1,106.86,,-1,-4
328,2016-05-02,-1,106.86,,-4,-4
329,2016-05-03,-1,106.86,,-4,-4
330,2016-05-04,-1,106.86,,-4,-4
331,2016-05-05,0,106.86,,-4,-4
332,2016-05-06,0,106.86,,-4,-4
333,2016-05-09,0,106.86,,-4,-4
334,2016-05-10,0,106.86,,-4,-4
335,2016-05-11,0.5,106.86,108.41,-4,0
336,2016-05-12,0,,,0,0
337,2016-05-13,0,,,0,0
338,2016-05-16,0,,,0,0
339,2016-05-17,0,,,0,0
340,2016-05-18,0,,,0,0
341,2016-05-19,0,,,0,0
342,2016-05-20,0,,,0,0
343,2016-05-23,0,,,0,0
344,2016-05-24,0,,,0,0
345,2016-05-25,0,,,0,0
346,2016-05-26,1,110.19,,0,1
347,2016-05-27,1,110.19,,1,1
348,2016-05-30,1,110.81,,1,3.0
349,2016-05-31,1,110.79,,3.0,4.0
350,2016-06-01,-0.5,110.79,109.54,4.0,0
351,2016-06-02,0,,,0,0
352,2016-06-03,-1,106.53,,0,-1
353,2016-06-06,-1,106.53,,-1,-1
354,2016-06-07,0,106.53,,-1,-1
355,2016-06-08,0,106.53,,-1,-1
356,2016-06-09,-1,106.53,,-1,-1
357,2016-06-10,0,106.53,,-1,-1
358,2016-06-13,-1,106.39500000000001,,-1,-2.0
359,2016-06-14,-1,106.30000000000001,,-2.0,-3.0
360,2016-06-15,-1,106.2275,,-3.0,-4.0
361,2016-06-16,-1,106.2275,,-4.0,-4.0
362,2016-06-17,-1,106.2275,,-4.0,-4.0
363,2016-06-20,-1,106.2275,,-4.0,-4.0
364,2016-06-21,-1,106.2275,,-4.0,-4.0
365,2016-06-22,0,106.2275,,-4.0,-4.0
366,2016-06-23,0,106.2275,,-4.0,-4.0
367,2016-06-24,-1,106.2275,,-4.0,-4.0
368,2016-06-27,-1,106.2275,,-4.0,-4.0
369,2016-06-28,-1,106.2275,,-4.0,-4.0
370,2016-06-29,0,106.2275,,-4.0,-4.0
371,2016-06-30,0,106.2275,,-4.0,-4.0
372,2016-07-01,0,106.2275,,-4.0,-4.0
373,2016-07-04,0,106.2275,,-4.0,-4.0
374,2016-07-05,-1,106.2275,,-4.0,-4.0
375,2016-07-06,-1,106.2275,,-4.0,-4.0
376,2016-07-07,-1,106.2275,,-4.0,-4.0
377,2016-07-08,-1,106.2275,,-4.0,-4.0
378,2016-07-11,-1,106.2275,,-4.0,-4.0
379,2016-07-12,0.5,106.2275,104.69,-4.0,0
380,2016-07-13,0,,,0,0
381,2016-07-14,0,,,0,0
382,2016-07-15,1,106.16,,0,1
383,2016-07-18,1,106.16,,1,1
384,2016-07-19,1,106.14,,1,2.0
385,2016-07-20,1,106.39,,2.0,3.0
386,2016-07-21,1,106.2475,,3.0,4.0
387,2016-07-22,0,106.2475,,4.0,4.0
388,2016-07-25,0,106.2475,,4.0,4.0
389,2016-07-26,-0.5,106.2475,104.66,4.0,0
390,2016-07-27,0,,,0,0
391,2016-07-28,0,,,0,0
392,2016-07-29,0,,,0,0
393,2016-08-01,0,,,0,0
394,2016-08-02,0,,,0,0
395,2016-08-03,0,,,0,0
396,2016-08-04,0,,,0,0
397,2016-08-05,0,,,0,0
398,2016-08-08,0,,,0,0
399,2016-08-09,0,,,0,0
400,2016-08-10,0,,,0,0
401,2016-08-11,0,,,0,0
402,2016-08-12,-1,100.89,,0,-1
403,2016-08-15,-1,100.89,,-1,-1
404,2016-08-16,-1,100.50333333333333,,-1,-3.0
405,2016-08-17,-1,100.44749999999999,,-3.0,-4.0
406,2016-08-18,-1,100.44749999999999,,-4.0,-4.0
407,2016-08-19,-1,100.44749999999999,,-4.0,-4.0
408,2016-08-22,0,100.44749999999999,,-4.0,-4.0
409,2016-08-23,0,100.44749999999999,,-4.0,-4.0
410,2016-08-24,0,100.44749999999999,,-4.0,-4.0
411,2016-08-25,0,100.44749999999999,,-4.0,-4.0
412,2016-08-26,0.5,100.44749999999999,101.84,-4.0,0
413,2016-08-29,0,,,0,0
414,2016-08-30,1,102.96,,0,1
415,2016-08-31,1,103.195,,1,2.0
416,2016-09-01,1,103.20666666666666,,2.0,3.0
417,2016-09-02,1,103.385,,3.0,4.0
418,2016-09-05,1,103.385,,4.0,4.0
419,2016-09-06,0,103.385,,4.0,4.0
420,2016-09-07,-0.25,103.385,101.74,4.0,0
421,2016-09-08,0,,,0,0
422,2016-09-09,0,,,0,0
423,2016-09-12,0,,,0,0
424,2016-09-13,0,,,0,0
425,2016-09-14,0,,,0,0
426,2016-09-15,0,,,0,0
427,2016-09-16,0,,,0,0
428,2016-09-19,0,,,0,0
429,2016-09-20,0,,,0,0
430,2016-09-21,-1,100.32,,0,-1
431,2016-09-22,-1,100.32,,-1,-1
432,2016-09-23,0,100.32,,-1,-1
433,2016-09-26,-1,100.32,,-1,-1
434,2016-09-27,-1,100.32,,-1,-1
435,2016-09-28,-1,100.32,,-1,-1
436,2016-09-29,0,100.32,,-1,-1
437,2016-09-30,0,100.32,,-1,-1
438,2016-10-03,0,100.32,,-1,-1
439,2016-10-04,1,102.9,102.9,-1,1
440,2016-10-05,1,103.2,,1,2.0
441,2016-10-06,1,103.575,,2.0,4.0
442,2016-10-07,1,103.575,,4.0,4.0
443,2016-10-10,0,103.575,,4.0,4.0
444,2016-10-11,1,103.575,,4.0,4.0
445,2016-10-12,1,103.575,,4.0,4.0
446,2016-10-13,1,103.575,,4.0,4.0
447,2016-10-14,1,103.575,,4.0,4.0
448,2016-10-17,1,103.575,,4.0,4.0
449,2016-10-18,0,103.575,,4.0,4.0
450,2016-10-19,0,103.575,,4.0,4.0
451,2016-10-20,0,103.575,,4.0,4.0
452,2016-10-21,0,103.575,,4.0,4.0
453,2016-10-24,1,103.575,,4.0,4.0
454,2016-10-25,1,103.575,,4.0,4.0
455,2016-10-26,1,103.575,,4.0,4.0
456,2016-10-27,1,103.575,,4.0,4.0
457,2016-10-28,1,103.575,,4.0,4.0
458,2016-10-31,0,103.575,,4.0,4.0
459,2016-11-01,0,103.575,,4.0,4.0
460,2016-11-02,-0.5,103.575,103.3,4.0,0
461,2016-11-03,-1,102.98,,0,-1
462,2016-11-04,-1,102.98,,-1,-1
463,2016-11-07,0,102.98,,-1,-1
464,2016-11-08,0,102.98,,-1,-1
465,2016-11-09,1,105.67,105.67,-1,1
466,2016-11-10,1,106.44333333333333,,1,3.0
467,2016-11-11,1,106.495,,3.0,4.0
468,2016-11-14,1,106.495,,4.0,4.0
469,2016-11-15,1,106.495,,4.0,4.0
470,2016-11-16,1,106.495,,4.0,4.0
471,2016-11-17,1,106.495,,4.0,4.0
472,2016-11-18,1,106.495,,4.0,4.0
473,2016-11-21,1,106.495,,4.0,4.0
474,2016-11-22,1,106.495,,4.0,4.0
475,2016-11-23,1,106.495,,4.0,4.0
476,2016-11-24,1,106.495,,4.0,4.0
477,2016-11-25,1,106.495,,4.0,4.0
478,2016-11-28,0,106.495,,4.0,4.0
479,2016-11-29,1,106.495,,4.0,4.0
480,2016-11-30,1,106.495,,4.0,4.0
481,2016-12-01,1,106.495,,4.0,4.0
482,2016-12-02,0,106.495,,4.0,4.0
483,2016-12-05,1,106.495,,4.0,4.0
484,2016-12-06,0,106.495,,4.0,4.0
485,2016-12-07,0,106.495,,4.0,4.0
486,2016-12-08,0,106.495,,4.0,4.0
487,2016-12-09,1,106.495,,4.0,4.0
488,2016-12-12,1,106.495,,4.0,4.0
489,2016-12-13,1,106.495,,4.0,4.0
490,2016-12-14,1,106.495,,4.0,4.0
491,2016-12-15,1,106.495,,4.0,4.0
492,2016-12-16,1,106.495,,4.0,4.0
493,2016-12-19,0,106.495,,4.0,4.0
494,2016-12-20,1,106.495,,4.0,4.0
495,2016-12-21,0,106.495,,4.0,4.0
496,2016-12-22,0,106.495,,4.0,4.0
497,2016-12-23,0,106.495,,4.0,4.0
498,2016-12-26,0,106.495,,4.0,4.0
499,2016-12-27,0,106.495,,4.0,4.0
500,2016-12-28,-0.5,106.495,117.26,4.0,0
501,2016-12-29,0,,,0,0
502,2016-12-30,0,,,0,0
503,2017-01-02,0,,,0,0
504,2017-01-03,1,118.18,,0,1
505,2017-01-04,1,118.18,,1,1
506,2017-01-05,-0.5,118.18,115.35,1,0
507,2017-01-06,0,,,0,0
508,2017-01-09,0,,,0,0
509,2017-01-10,0,,,0,0
510,2017-01-11,-1,115.35,,0,-1
511,2017-01-12,-1,114.92999999999999,,-1,-3.0
512,2017-01-13,-1,114.82,,-3.0,-4.0
513,2017-01-16,-1,114.82,,-4.0,-4.0
514,2017-01-17,-1,114.82,,-4.0,-4.0
515,2017-01-18,-1,114.82,,-4.0,-4.0
516,2017-01-19,0,114.82,,-4.0,-4.0
517,2017-01-20,0,114.82,,-4.0,-4.0
518,2017-01-23,0,114.82,,-4.0,-4.0
519,2017-01-24,-1,114.82,,-4.0,-4.0
520,2017-01-25,0,114.82,,-4.0,-4.0
521,2017-01-26,0,114.82,,-4.0,-4.0
522,2017-01-27,0.5,114.82,115.1,-4.0,0
523,2017-01-30,0,,,0,0
524,2017-01-31,-1,112.62,,0,-1
525,2017-02-01,0,112.62,,-1,-1
526,2017-02-02,-1,112.71000000000001,,-1,-2.0
527,2017-02-03,-1,112.67666666666668,,-2.0,-3.0
528,2017-02-06,-1,112.44250000000001,,-3.0,-4.0
529,2017-02-07,-1,112.44250000000001,,-4.0,-4.0
530,2017-02-08,-1,112.44250000000001,,-4.0,-4.0
531,2017-02-09,0,112.44250000000001,,-4.0,-4.0
532,2017-02-10,0.5,112.44250000000001,113.22,-4.0,0
533,2017-02-13,0,,,0,0
534,2017-02-14,0,,,0,0
535,2017-02-15,0,,,0,0
536,2017-02-16,0,,,0,0
537,2017-02-17,0,,,0,0
538,2017-02-20,0,,,0,0
539,2017-02-21,0,,,0,0
540,2017-02-22,0,,,0,0
541,2017-02-23,0,,,0,0
542,2017-02-24,0,,,0,0
543,2017-02-27,0,,,0,0
544,2017-02-28,-1,111.74,,0,-1
545,2017-03-01,0.5,111.74,113.73,-1,0
546,2017-03-02,1,114.41,,0,1
547,2017-03-03,1,114.225,,1,2.0
548,2017-03-06,0,114.225,,2.0,2.0
549,2017-03-07,0,114.225,,2.0,2.0
550,2017-03-08,1,114.26666666666665,,2.0,3.0
551,2017-03-09,1,114.43749999999999,,3.0,4.0
552,2017-03-10,1,114.43749999999999,,4.0,4.0
553,2017-03-13,0,114.43749999999999,,4.0,4.0
554,2017-03-14,1,114.43749999999999,,4.0,4.0
555,2017-03-15,-0.5,114.43749999999999,113.38,4.0,0
556,2017-03-16,0,,,0,0
557,2017-03-17,0,,,0,0
558,2017-03-20,0,,,0,0
559,2017-03-21,-1,111.71,,0,-1
560,2017-03-22,-1,111.34333333333332,,-1,-3.0
561,2017-03-23,-1,111.24249999999999,,-3.0,-4.0
562,2017-03-24,-1,111.24249999999999,,-4.0,-4.0
563,2017-03-27,-1,111.24249999999999,,-4.0,-4.0
564,2017-03-28,-1,111.24249999999999,,-4.0,-4.0
565,2017-03-29,0,111.24249999999999,,-4.0,-4.0
566,2017-03-30,0,111.24249999999999,,-4.0,-4.0
567,2017-03-31,0,111.24249999999999,,-4.0,-4.0
568,2017-04-03,0,111.24249999999999,,-4.0,-4.0
569,2017-04-04,-1,111.24249999999999,,-4.0,-4.0
570,2017-04-05,-1,111.24249999999999,,-4.0,-4.0
571,2017-04-06,-1,111.24249999999999,,-4.0,-4.0
572,2017-04-07,-1,111.24249999999999,,-4.0,-4.0
573,2017-04-10,0,111.24249999999999,,-4.0,-4.0
574,2017-04-11,-1,111.24249999999999,,-4.0,-4.0
575,2017-04-12,-1,111.24249999999999,,-4.0,-4.0
576,2017-04-13,-1,111.24249999999999,,-4.0,-4.0
577,2017-04-14,-1,111.24249999999999,,-4.0,-4.0
578,2017-04-17,-1,111.24249999999999,,-4.0,-4.0
579,2017-04-18,-1,111.24249999999999,,-4.0,-4.0
580,2017-04-19,-1,111.24249999999999,,-4.0,-4.0
581,2017-04-20,0,111.24249999999999,,-4.0,-4.0
582,2017-04-21,0,111.24249999999999,,-4.0,-4.0
583,2017-04-24,0.5,111.24249999999999,109.77,-4.0,0
584,2017-04-25,0,,,0,0
585,2017-04-26,0,,,0,0
586,2017-04-27,0,,,0,0
587,2017-04-28,1,111.49,,0,1
588,2017-05-01,1,111.66499999999999,,1,2.0
589,2017-05-02,1,111.77333333333333,,2.0,3.0
590,2017-05-03,1,112.0175,,3.0,4.0
591,2017-05-04,1,112.0175,,4.0,4.0
592,2017-05-05,1,112.0175,,4.0,4.0
593,2017-05-08,1,112.0175,,4.0,4.0
594,2017-05-09,1,112.0175,,4.0,4.0
595,2017-05-10,1,112.0175,,4.0,4.0
596,2017-05-11,1,112.0175,,4.0,4.0
597,2017-05-12,0,112.0175,,4.0,4.0
598,2017-05-15,0,112.0175,,4.0,4.0
599,2017-05-16,0,112.0175,,4.0,4.0
600,2017-05-17,-0.5,112.0175,110.83,4.0,0
601,2017-05-18,0,,,0,0
602,2017-05-19,0,,,0,0
603,2017-05-22,0,,,0,0
604,2017-05-23,0,,,0,0
605,2017-05-24,0,,,0,0
606,2017-05-25,0,,,0,0
607,2017-05-26,0,,,0,0
608,2017-05-29,0,,,0,0
609,2017-05-30,-1,110.83,,0,-1
610,2017-05-31,-1,110.805,,-1,-2.0
611,2017-06-01,-1,110.805,,-2.0,-2.0
612,2017-06-02,-1,110.67,,-2.0,-3.0
613,2017-06-05,-1,110.615,,-3.0,-4.0
614,2017-06-06,-1,110.615,,-4.0,-4.0
615,2017-06-07,-1,110.615,,-4.0,-4.0
616,2017-06-08,-1,110.615,,-4.0,-4.0
617,2017-06-09,0,110.615,,-4.0,-4.0
618,2017-06-12,0,110.615,,-4.0,-4.0
619,2017-06-13,0,110.615,,-4.0,-4.0
620,2017-06-14,-1,110.615,,-4.0,-4.0
621,2017-06-15,-1,110.615,,-4.0,-4.0
622,2017-06-16,0.5,110.615,110.88,-4.0,0
623,2017-06-19,0,,,0,0
624,2017-06-20,0,,,0,0
625,2017-06-21,0,,,0,0
626,2017-06-22,0,,,0,0
627,2017-06-23,0,,,0,0
628,2017-06-26,1,111.86,,0,1
629,2017-06-27,1,112.10499999999999,,1,2.0
630,2017-06-28,1,112.17,,2.0,3.0
631,2017-06-29,1,112.1725,,3.0,4.0
632,2017-06-30,1,112.1725,,4.0,4.0
633,2017-07-03,1,112.1725,,4.0,4.0
634,2017-07-04,1,112.1725,,4.0,4.0
635,2017-07-05,1,112.1725,,4.0,4.0
636,2017-07-06,1,112.1725,,4.0,4.0
637,2017-07-07,1,112.1725,,4.0,4.0
638,2017-07-10,1,112.1725,,4.0,4.0
639,2017-07-11,1,112.1725,,4.0,4.0
640,2017-07-12,0,112.1725,,4.0,4.0
641,2017-07-13,0,112.1725,,4.0,4.0
642,2017-07-14,-0.5,112.1725,112.53,4.0,0
643,2017-07-17,0,,,0,0
644,2017-07-18,0,,,0,0
645,2017-07-19,0,,,0,0
646,2017-07-20,0,,,0,0
647,2017-07-21,-1,111.13,,0,-1
648,2017-07-24,-1,111.115,,-1,-2.0
649,2017-07-25,-1,111.37333333333333,,-2.0,-3.0
650,2017-07-26,-1,111.325,,-3.0,-4.0
651,2017-07-27,-1,111.325,,-4.0,-4.0
652,2017-07-28,-1,111.325,,-4.0,-4.0
653,2017-07-31,-1,111.325,,-4.0,-4.0
654,2017-08-01,-1,111.325,,-4.0,-4.0
655,2017-08-02,0,111.325,,-4.0,-4.0
656,2017-08-03,-1,111.325,,-4.0,-4.0
657,2017-08-04,-1,111.325,,-4.0,-4.0
658,2017-08-07,0,111.325,,-4.0,-4.0
659,2017-08-08,0,111.325,,-4.0,-4.0
660,2017-08-09,-1,111.325,,-4.0,-4.0
661,2017-08-10,-1,111.325,,-4.0,-4.0
662,2017-08-11,-1,111.325,,-4.0,-4.0
663,2017-08-14,-1,111.325,,-4.0,-4.0
664,2017-08-15,0.5,111.325,110.67,-4.0,0
665,2017-08-16,0,,,0,0
666,2017-08-17,0,,,0,0
667,2017-08-18,-1,109.18,,0,-1
668,2017-08-21,-1,109.08000000000001,,-1,-2.0
669,2017-08-22,-1,109.08000000000001,,-2.0,-2.0
670,2017-08-23,-1,109.08000000000001,,-2.0,-2.0
671,2017-08-24,-1,109.24000000000001,,-2.0,-3.0
672,2017-08-25,0,109.24000000000001,,-3.0,-3.0
673,2017-08-28,0,109.24000000000001,,-3.0,-3.0
674,2017-08-29,-1,109.3575,,-3.0,-4.0
675,2017-08-30,0.5,109.3575,110.24,-4.0,0
676,2017-08-31,0,,,0,0
677,2017-09-01,0,,,0,0
678,2017-09-04,0,,,0,0
679,2017-09-05,-1,108.81,,0,-1
680,2017-09-06,-1,109.015,,-1,-2.0
681,2017-09-07,-1,108.7325,,-2.0,-4.0
682,2017-09-08,-1,108.7325,,-4.0,-4.0
683,2017-09-11,0,108.7325,,-4.0,-4.0
684,2017-09-12,0,108.7325,,-4.0,-4.0
685,2017-09-13,1,110.49,110.49,-4.0,1
686,2017-09-14,1,110.365,,1,2.0
687,2017-09-15,1,110.5975,,2.0,4.0
688,2017-09-18,1,110.5975,,4.0,4.0
689,2017-09-19,1,110.5975,,4.0,4.0
690,2017-09-20,1,110.5975,,4.0,4.0
691,2017-09-21,1,110.5975,,4.0,4.0
692,2017-09-22,1,110.5975,,4.0,4.0
693,2017-09-25,1,110.5975,,4.0,4.0
694,2017-09-26,0,110.5975,,4.0,4.0
695,2017-09-27,1,110.5975,,4.0,4.0
696,2017-09-28,1,110.5975,,4.0,4.0
697,2017-09-29,0,110.5975,,4.0,4.0
698,2017-10-02,1,110.5975,,4.0,4.0
699,2017-10-03,1,110.5975,,4.0,4.0
700,2017-10-04,1,110.5975,,4.0,4.0
701,2017-10-05,1,110.5975,,4.0,4.0
702,2017-10-06,1,110.5975,,4.0,4.0
703,2017-10-09,0,110.5975,,4.0,4.0
704,2017-10-10,-0.5,110.5975,112.45,4.0,0
705,2017-10-11,0,,,0,0
706,2017-10-12,0,,,0,0
707,2017-10-13,0,,,0,0
708,2017-10-16,0,,,0,0
709,2017-10-17,0,,,0,0
710,2017-10-18,1,112.94,,0,1
711,2017-10-19,1,112.74000000000001,,1,2.0
712,2017-10-20,1,113.13,,2.0,4.0
713,2017-10-23,1,113.13,,4.0,4.0
714,2017-10-24,1,113.13,,4.0,4.0
715,2017-10-25,1,113.13,,4.0,4.0
716,2017-10-26,1,113.13,,4.0,4.0
717,2017-10-27,1,113.13,,4.0,4.0
718,2017-10-30,0,113.13,,4.0,4.0
719,2017-10-31,0,113.13,,4.0,4.0
720,2017-11-01,1,113.13,,4.0,4.0
721,2017-11-02,1,113.13,,4.0,4.0
722,2017-11-03,1,113.13,,4.0,4.0
723,2017-11-06,1,113.13,,4.0,4.0
724,2017-11-07,1,113.13,,4.0,4.0
725,2017-11-08,0,113.13,,4.0,4.0
726,2017-11-09,-0.5,113.13,113.47,4.0,0
727,2017-11-10,0,,,0,0
728,2017-11-13,0,,,0,0
729,2017-11-14,0,,,0,0
730,2017-11-15,-1,112.54,,0,-1
731,2017-11-16,0,112.54,,-1,-1
732,2017-11-17,-1,112.24666666666667,,-1,-3.0
733,2017-11-20,-1,112.34,,-3.0,-4.0
734,2017-11-21,0,112.34,,-4.0,-4.0
735,2017-11-22,-1,112.34,,-4.0,-4.0
736,2017-11-23,-1,112.34,,-4.0,-4.0
737,2017-11-24,-1,112.34,,-4.0,-4.0
738,2017-11-27,-1,112.34,,-4.0,-4.0
739,2017-11-28,-1,112.34,,-4.0,-4.0
740,2017-11-29,0,112.34,,-4.0,-4.0
741,2017-11-30,0.5,112.34,112.54,-4.0,0
742,2017-12-01,0,,,0,0
743,2017-12-04,0,,,0,0
744,2017-12-05,0,,,0,0
745,2017-12-06,0,,,0,0
746,2017-12-07,0,,,0,0
747,2017-12-08,0,,,0,0
748,2017-12-11,1,113.62,,0,1
749,2017-12-12,1,113.62,,1,1
750,2017-12-13,1,113.62,,1,1
751,2017-12-14,-0.5,113.62,112.39,1,0
752,2017-12-15,0,,,0,0
753,2017-12-18,0,,,0,0
754,2017-12-19,0,,,0,0
755,2017-12-20,0,,,0,0
756,2017-12-21,1,113.56,,0,1
757,2017-12-22,0,113.56,,1,1
758,2017-12-25,0,113.56,,1,1
759,2017-12-26,0,113.56,,1,1
760,2017-12-27,0,113.56,,1,1
761,2017-12-28,0,113.56,,1,1
762,2017-12-29,-0.5,113.56,112.69,1,0
763,2018-01-01,0,,,0,0
764,2018-01-02,-1,112.29,,0,-1
765,2018-01-03,-1,112.29,,-1,-1
766,2018-01-04,0,112.29,,-1,-1
767,2018-01-05,0,112.29,,-1,-1
768,2018-01-08,0.5,112.29,113.09,-1,0
769,2018-01-09,0,,,0,0
770,2018-01-10,-1,111.44,,0,-1
771,2018-01-11,-1,111.35,,-1,-2.0
772,2018-01-12,-1,111.25333333333333,,-2.0,-3.0
773,2018-01-15,-1,111.075,,-3.0,-4.0
774,2018-01-16,-1,111.075,,-4.0,-4.0
775,2018-01-17,-1,111.075,,-4.0,-4.0
776,2018-01-18,0,111.075,,-4.0,-4.0
777,2018-01-19,0,111.075,,-4.0,-4.0
778,2018-01-22,0,111.075,,-4.0,-4.0
779,2018-01-23,-1,111.075,,-4.0,-4.0
780,2018-01-24,-1,111.075,,-4.0,-4.0
781,2018-01-25,-1,111.075,,-4.0,-4.0
782,2018-01-26,-1,111.075,,-4.0,-4.0
783,2018-01-29,-1,111.075,,-4.0,-4.0
784,2018-01-30,-1,111.075,,-4.0,-4.0
785,2018-01-31,0,111.075,,-4.0,-4.0
786,2018-02-01,0,111.075,,-4.0,-4.0
787,2018-02-02,0,111.075,,-4.0,-4.0
788,2018-02-05,0,111.075,,-4.0,-4.0
789,2018-02-06,-1,111.075,,-4.0,-4.0
790,2018-02-07,0,111.075,,-4.0,-4.0
791,2018-02-08,0,111.075,,-4.0,-4.0
792,2018-02-09,-1,111.075,,-4.0,-4.0
793,2018-02-12,-1,111.075,,-4.0,-4.0
794,2018-02-13,-1,111.075,,-4.0,-4.0
795,2018-02-14,-1,111.075,,-4.0,-4.0
796,2018-02-15,-1,111.075,,-4.0,-4.0
797,2018-02-16,-1,111.075,,-4.0,-4.0
798,2018-02-19,-1,111.075,,-4.0,-4.0
799,2018-02-20,0,111.075,,-4.0,-4.0
800,2018-02-21,0,111.075,,-4.0,-4.0
801,2018-02-22,0,111.075,,-4.0,-4.0
802,2018-02-23,0,111.075,,-4.0,-4.0
803,2018-02-26,0,111.075,,-4.0,-4.0
804,2018-02-27,0,111.075,,-4.0,-4.0
805,2018-02-28,0,111.075,,-4.0,-4.0
806,2018-03-01,0,111.075,,-4.0,-4.0
807,2018-03-02,-1,111.075,,-4.0,-4.0
808,2018-03-05,-1,111.075,,-4.0,-4.0
809,2018-03-06,0,111.075,,-4.0,-4.0
810,2018-03-07,-1,111.075,,-4.0,-4.0
811,2018-03-08,0,111.075,,-4.0,-4.0
812,2018-03-09,0,111.075,,-4.0,-4.0
813,2018-03-12,0,111.075,,-4.0,-4.0
814,2018-03-13,0.5,111.075,106.58,-4.0,0
815,2018-03-14,0,,,0,0
816,2018-03-15,0,,,0,0
817,2018-03-16,-1,105.75,,0,-1
818,2018-03-19,-1,105.75,,-1,-1
819,2018-03-20,0,105.75,,-1,-1
820,2018-03-21,0,105.75,,-1,-1
821,2018-03-22,-1,105.515,,-1,-2.0
822,2018-03-23,-1,105.1275,,-2.0,-4.0
823,2018-03-26,-1,105.1275,,-4.0,-4.0
824,2018-03-27,0,105.1275,,-4.0,-4.0
825,2018-03-28,1,106.85,106.85,-4.0,1
826,2018-03-29,1,106.85,,1,1
827,2018-03-30,0,106.85,,1,1
828,2018-04-02,0,106.85,,1,1
829,2018-04-03,0,106.85,,1,1
830,2018-04-04,0,106.85,,1,1
831,2018-04-05,1,107.21,,1,3.0
832,2018-04-06,1,107.14,,3.0,4.0
833,2018-04-09,0,107.14,,4.0,4.0
834,2018-04-10,1,107.14,,4.0,4.0
835,2018-04-11,0,107.14,,4.0,4.0
836,2018-04-12,1,107.14,,4.0,4.0
837,2018-04-13,1,107.14,,4.0,4.0
838,2018-04-16,1,107.14,,4.0,4.0
839,2018-04-17,0,107.14,,4.0,4.0
840,2018-04-18,0,107.14,,4.0,4.0
841,2018-04-19,1,107.14,,4.0,4.0
842,2018-04-20,1,107.14,,4.0,4.0
843,2018-04-23,1,107.14,,4.0,4.0
844,2018-04-24,1,107.14,,4.0,4.0
845,2018-04-25,1,107.14,,4.0,4.0
846,2018-04-26,1,107.14,,4.0,4.0
847,2018-04-27,1,107.14,,4.0,4.0
848,2018-04-30,1,107.14,,4.0,4.0
849,2018-05-01,1,107.14,,4.0,4.0
850,2018-05-02,1,107.14,,4.0,4.0
851,2018-05-03,1,107.14,,4.0,4.0
852,2018-05-04,-0.5,107.14,109.12,4.0,0
853,2018-05-07,0,,,0,0
854,2018-05-08,0,,,0,0
855,2018-05-09,0,,,0,0
856,2018-05-10,1,109.86,,0,1
857,2018-05-11,0,109.86,,1,1
858,2018-05-14,0,109.86,,1,1
859,2018-05-15,1,110.18666666666667,,1,3.0
860,2018-05-16,1,110.24000000000001,,3.0,4.0
861,2018-05-17,1,110.24000000000001,,4.0,4.0
862,2018-05-18,1,110.24000000000001,,4.0,4.0
863,2018-05-21,1,110.24000000000001,,4.0,4.0
864,2018-05-22,1,110.24000000000001,,4.0,4.0
865,2018-05-23,-0.25,110.24000000000001,110.08,4.0,0
866,2018-05-24,-1,109.05,,0,-1
867,2018-05-25,0,109.05,,-1,-1
868,2018-05-28,0,109.05,,-1,-1
869,2018-05-29,-1,108.84,,-1,-4
870,2018-05-30,-1,108.84,,-4,-4
871,2018-05-31,-1,108.84,,-4,-4
872,2018-06-01,-1,108.84,,-4,-4
873,2018-06-04,0,108.84,,-4,-4
874,2018-06-05,0,108.84,,-4,-4
875,2018-06-06,0.5,108.84,110.18,-4,0
876,2018-06-07,0,,,0,0
877,2018-06-08,0,,,0,0
878,2018-06-11,0,,,0,0
879,2018-06-12,0,,,0,0
880,2018-06-13,0,,,0,0
881,2018-06-14,0,,,0,0
882,2018-06-15,0,,,0,0
883,2018-06-18,0,,,0,0
884,2018-06-19,0,,,0,0
885,2018-06-20,0,,,0,0
886,2018-06-21,1,110.66,,0,1
887,2018-06-22,-0.5,110.66,109.97,1,0
888,2018-06-25,0,,,0,0
889,2018-06-26,0,,,0,0
890,2018-06-27,0,,,0,0
891,2018-06-28,0,,,0,0
892,2018-06-29,1,110.76,,0,1
893,2018-07-02,1,110.83000000000001,,1,2.0
894,2018-07-03,1,110.75,,2.0,3.0
895,2018-07-04,0,110.75,,3.0,3.0
896,2018-07-05,0,110.75,,3.0,3.0
897,2018-07-06,0,110.75,,3.0,3.0
898,2018-07-09,0,110.75,,3.0,3.0
899,2018-07-10,1,110.8125,,3.0,4.0
900,2018-07-11,1,110.8125,,4.0,4.0
901,2018-07-12,1,110.8125,,4.0,4.0
902,2018-07-13,1,110.8125,,4.0,4.0
903,2018-07-16,1,110.8125,,4.0,4.0
904,2018-07-17,1,110.8125,,4.0,4.0
905,2018-07-18,1,110.8125,,4.0,4.0
906,2018-07-19,1,110.8125,,4.0,4.0
907,2018-07-20,-0.25,110.8125,111.41,4.0,0
908,2018-07-23,0,,,0,0
909,2018-07-24,0,,,0,0
910,2018-07-25,0,,,0,0
911,2018-07-26,0,,,0,0
912,2018-07-27,0,,,0,0
913,2018-07-30,0,,,0,0
914,2018-07-31,0,,,0,0
915,2018-08-01,0,,,0,0
916,2018-08-02,0,,,0,0
917,2018-08-03,0,,,0,0
918,2018-08-06,0,,,0,0
919,2018-08-07,0,,,0,0
920,2018-08-08,-1,110.98,,0,-1
921,2018-08-09,-1,111.03,,-1,-2.0
922,2018-08-10,-1,110.93,,-2.0,-4.0
923,2018-08-13,-1,110.93,,-4.0,-4.0
924,2018-08-14,-1,110.93,,-4.0,-4.0
925,2018-08-15,-1,110.93,,-4.0,-4.0
926,2018-08-16,-1,110.93,,-4.0,-4.0
927,2018-08-17,-1,110.93,,-4.0,-4.0
928,2018-08-20,-1,110.93,,-4.0,-4.0
929,2018-08-21,-1,110.93,,-4.0,-4.0
930,2018-08-22,-1,110.93,,-4.0,-4.0
931,2018-08-23,0.5,110.93,111.29,-4.0,0
932,2018-08-24,0,,,0,0
933,2018-08-27,0,,,0,0
934,2018-08-28,0,,,0,0
935,2018-08-29,1,111.73,,0,1
936,2018-08-30,1,111.73,,1,1
937,2018-08-31,0,111.73,,1,1
938,2018-09-03,0,111.73,,1,1
939,2018-09-04,0,111.73,,1,1
940,2018-09-05,1,111.73,,1,1
941,2018-09-06,-0.5,111.73,110.75,1,0
942,2018-09-07,0,,,0,0
943,2018-09-10,0,,,0,0
944,2018-09-11,0,,,0,0
945,2018-09-12,0,,,0,0
946,2018-09-13,1,111.92,,0,1
947,2018-09-14,1,111.99000000000001,,1,2.0
948,2018-09-17,1,111.99000000000001,,2.0,2.0
949,2018-09-18,1,112.11333333333334,,2.0,3.0
950,2018-09-19,1,112.155,,3.0,4.0
951,2018-09-20,1,112.155,,4.0,4.0
952,2018-09-21,1,112.155,,4.0,4.0
953,2018-09-24,1,112.155,,4.0,4.0
954,2018-09-25,1,112.155,,4.0,4.0
955,2018-09-26,1,112.155,,4.0,4.0
956,2018-09-27,1,112.155,,4.0,4.0
957,2018-09-28,1,112.155,,4.0,4.0
958,2018-10-01,1,112.155,,4.0,4.0
959,2018-10-02,1,112.155,,4.0,4.0
960,2018-10-03,1,112.155,,4.0,4.0
961,2018-10-04,1,112.155,,4.0,4.0
962,2018-10-05,0,112.155,,4.0,4.0
963,2018-10-08,-0.25,112.155,113.23,4.0,0
964,2018-10-09,0,,,0,0
965,2018-10-10,0,,,0,0
966,2018-10-11,-1,111.85,,0,-1
967,2018-10-12,0,111.85,,-1,-1
968,2018-10-15,-1,111.81,,-1,-2.0
969,2018-10-16,-1,111.81,,-2.0,-2.0
970,2018-10-17,0,111.81,,-2.0,-2.0
971,2018-10-18,0,111.81,,-2.0,-2.0
972,2018-10-19,0,111.81,,-2.0,-2.0
973,2018-10-22,0,111.81,,-2.0,-2.0
974,2018-10-23,0.5,111.81,112.44,-2.0,0
975,2018-10-24,0,,,0,0
976,2018-10-25,0,,,0,0
977,2018-10-26,-1,111.77,,0,-1
978,2018-10-29,0,111.77,,-1,-1
979,2018-10-30,0,111.77,,-1,-1
980,2018-10-31,0.5,111.77,112.94,-1,0
981,2018-11-01,0,,,0,0
982,2018-11-02,0,,,0,0
983,2018-11-05,1,113.23,,0,1
984,2018-11-06,1,113.33000000000001,,1,2.0
985,2018-11-07,1,113.42500000000001,,2.0,4.0
986,2018-11-08,1,113.42500000000001,,4.0,4.0
987,2018-11-09,1,113.42500000000001,,4.0,4.0
988,2018-11-12,1,113.42500000000001,,4.0,4.0
989,2018-11-13,1,113.42500000000001,,4.0,4.0
990,2018-11-14,0,113.42500000000001,,4.0,4.0
991,2018-11-15,-0.5,113.42500000000001,113.64,4.0,0
992,2018-11-16,0,,,0,0
993,2018-11-19,0,,,0,0
994,2018-11-20,0,,,0,0
995,2018-11-21,0,,,0,0
996,2018-11-22,0,,,0,0
997,2018-11-23,0,,,0,0
998,2018-11-26,0,,,0,0
999,2018-11-27,0,,,0,0
1000,2018-11-28,0,,,0,0
1001,2018-11-29,0,,,0,0
1002,2018-11-30,0,,,0,0
1003,2018-12-03,0,,,0,0
1004,2018-12-04,0,,,0,0
1005,2018-12-05,0,,,0,0
1006,2018-12-06,-1,112.55,,0,-1
1007,2018-12-07,0,112.55,,-1,-1
1008,2018-12-10,-1,112.94,,-1,-2.0
1009,2018-12-11,0,112.94,,-2.0,-2.0
1010,2018-12-12,0,112.94,,-2.0,-2.0
1011,2018-12-13,0.5,112.94,113.63,-2.0,0
1012,2018-12-14,0,,,0,0
1013,2018-12-17,0,,,0,0
1014,2018-12-18,-1,112.52,,0,-1
1015,2018-12-19,-1,112.5,,-1,-2.0
1016,2018-12-20,-1,111.89,,-2.0,-4.0
1017,2018-12-21,-1,111.89,,-4.0,-4.0
1018,2018-12-24,-1,111.89,,-4.0,-4.0
1019,2018-12-25,-1,111.89,,-4.0,-4.0
1020,2018-12-26,-1,111.89,,-4.0,-4.0
1021,2018-12-27,0,111.89,,-4.0,-4.0
1022,2018-12-28,-1,111.89,,-4.0,-4.0
1023,2018-12-31,-1,111.89,,-4.0,-4.0
1024,2019-01-01,-1,111.89,,-4.0,-4.0
1025,2019-01-02,-1,111.89,,-4.0,-4.0
1026,2019-01-03,-1,111.89,,-4.0,-4.0
1027,2019-01-04,-1,111.89,,-4.0,-4.0
1028,2019-01-07,0,111.89,,-4.0,-4.0
1029,2019-01-08,0,111.89,,-4.0,-4.0
1030,2019-01-09,0,111.89,,-4.0,-4.0
1031,2019-01-10,0,111.89,,-4.0,-4.0
1032,2019-01-11,0,111.89,,-4.0,-4.0
1033,2019-01-14,0,111.89,,-4.0,-4.0
1034,2019-01-15,0,111.89,,-4.0,-4.0
1035,2019-01-16,0.5,111.89,109.09,-4.0,0
1036,2019-01-17,0,,,0,0
1037,2019-01-18,0,,,0,0
1038,2019-01-21,0,,,0,0
1039,2019-01-22,0,,,0,0
1040,2019-01-23,0,,,0,0
1041,2019-01-24,0,,,0,0
1042,2019-01-25,0,,,0,0
1043,2019-01-28,0,,,0,0
1044,2019-01-29,0,,,0,0
1045,2019-01-30,0,,,0,0
1046,2019-01-31,0,,,0,0
1047,2019-02-01,0,,,0,0
1048,2019-02-04,1,109.89,,0,1
1049,2019-02-05,1,109.89,,1,1
1050,2019-02-06,1,109.89,,1,1
1051,2019-02-07,1,109.85499999999999,,1,2.0
1052,2019-02-08,0,109.85499999999999,,2.0,2.0
1053,2019-02-11,1,110.11749999999999,,2.0,4.0
1054,2019-02-12,1,110.11749999999999,,4.0,4.0
1055,2019-02-13,1,110.11749999999999,,4.0,4.0
1056,2019-02-14,1,110.11749999999999,,4.0,4.0
1057,2019-02-15,0,110.11749999999999,,4.0,4.0
1058,2019-02-18,0,110.11749999999999,,4.0,4.0
1059,2019-02-19,0,110.11749999999999,,4.0,4.0
1060,2019-02-20,0,110.11749999999999,,4.0,4.0
1061,2019-02-21,0,110.11749999999999,,4.0,4.0
1062,2019-02-22,0,110.11749999999999,,4.0,4.0
1063,2019-02-25,1,110.11749999999999,,4.0,4.0
1064,2019-02-26,1,110.11749999999999,,4.0,4.0
1065,2019-02-27,1,110.11749999999999,,4.0,4.0
1066,2019-02-28,1,110.11749999999999,,4.0,4.0
1067,2019-03-01,1,110.11749999999999,,4.0,4.0
1068,2019-03-04,1,110.11749999999999,,4.0,4.0
1069,2019-03-05,1,110.11749999999999,,4.0,4.0
1070,2019-03-06,1,110.11749999999999,,4.0,4.0
1071,2019-03-07,0,110.11749999999999,,4.0,4.0
1072,2019-03-08,0,110.11749999999999,,4.0,4.0
1073,2019-03-11,0,110.11749999999999,,4.0,4.0
1074,2019-03-12,0,110.11749999999999,,4.0,4.0
1075,2019-03-13,-0.5,110.11749999999999,111.17,4.0,0
1076,2019-03-14,0,,,0,0
1077,2019-03-15,1,111.89,,0,1
1078,2019-03-18,0,111.89,,1,1
1079,2019-03-19,-0.5,111.89,111.39,1,0
1080,2019-03-20,-1,110.59,,0,-1
1081,2019-03-21,-1,110.705,,-1,-2.0
1082,2019-03-22,-1,110.3125,,-2.0,-4.0
1083,2019-03-25,-1,110.3125,,-4.0,-4.0
1084,2019-03-26,0,110.3125,,-4.0,-4.0
1085,2019-03-27,0,110.3125,,-4.0,-4.0
1086,2019-03-28,0,110.3125,,-4.0,-4.0
1087,2019-03-29,0,110.3125,,-4.0,-4.0
1088,2019-04-01,0.5,110.3125,111.35,-4.0,0
1089,2019-04-02,0,,,0,0
1090,2019-04-03,0,,,0,0
1091,2019-04-04,0,,,0,0
1092,2019-04-05,1,111.73,,0,1
1093,2019-04-08,1,111.73,,1,1
1094,2019-04-09,0,111.73,,1,1
1095,2019-04-10,0,111.73,,1,1
1096,2019-04-11,0,111.73,,1,1
1097,2019-04-12,1,111.875,,1,2.0
1098,2019-04-15,1,111.93,,2.0,3.0
1099,2019-04-16,1,111.93,,3.0,3.0
1100,2019-04-17,1,111.9625,,3.0,4.0
1101,2019-04-18,1,111.9625,,4.0,4.0
1102,2019-04-19,0,111.9625,,4.0,4.0
1103,2019-04-22,0,111.9625,,4.0,4.0
1104,2019-04-23,0,111.9625,,4.0,4.0
1105,2019-04-24,1,111.9625,,4.0,4.0
1106,2019-04-25,1,111.9625,,4.0,4.0
1107,2019-04-26,-0.5,111.9625,111.58,4.0,0
1108,2019-04-29,0,,,0,0
1109,2019-04-30,0,,,0,0
1110,2019-05-01,0,,,0,0
1111,2019-05-02,0,,,0,0
1112,2019-05-03,0,,,0,0
1113,2019-05-06,-1,110.76,,0,-1
1114,2019-05-07,-1,110.42666666666668,,-1,-3.0
1115,2019-05-08,-1,110.345,,-3.0,-4.0
1116,2019-05-09,-1,110.345,,-4.0,-4.0
1117,2019-05-10,-1,110.345,,-4.0,-4.0
1118,2019-05-13,-1,110.345,,-4.0,-4.0
1119,2019-05-14,-1,110.345,,-4.0,-4.0
1120,2019-05-15,-1,110.345,,-4.0,-4.0
1121,2019-05-16,0,110.345,,-4.0,-4.0
1122,2019-05-17,0,110.345,,-4.0,-4.0
1123,2019-05-20,0.5,110.345,110.06,-4.0,0
1124,2019-05-21,0,,,0,0
1125,2019-05-22,0,,,0,0
1126,2019-05-23,0,,,0,0
1127,2019-05-24,-1,109.3,,0,-1
1128,2019-05-27,-1,109.3,,-1,-1
1129,2019-05-28,-1,109.3,,-1,-1
1130,2019-05-29,-1,109.445,,-1,-2.0
1131,2019-05-30,0,109.445,,-2.0,-2.0
1132,2019-05-31,-1,108.8675,,-2.0,-4.0
1133,2019-06-03,-1,108.8675,,-4.0,-4.0
1134,2019-06-04,-1,108.8675,,-4.0,-4.0
1135,2019-06-05,-1,108.8675,,-4.0,-4.0
1136,2019-06-06,-1,108.8675,,-4.0,-4.0
1137,2019-06-07,-1,108.8675,,-4.0,-4.0
1138,2019-06-10,0,108.8675,,-4.0,-4.0
1139,2019-06-11,0,108.8675,,-4.0,-4.0
1140,2019-06-12,0,108.8675,,-4.0,-4.0
1141,2019-06-13,0.5,108.8675,108.38,-4.0,0
1142,2019-06-14,0,,,0,0
1143,2019-06-17,0,,,0,0
1144,2019-06-18,-1,108.07,,0,-1
1145,2019-06-19,-1,108.085,,-1,-2.0
1146,2019-06-20,-1,107.6925,,-2.0,-4.0
1147,2019-06-21,-1,107.6925,,-4.0,-4.0
1148,2019-06-24,-1,107.6925,,-4.0,-4.0
1149,2019-06-25,-1,107.6925,,-4.0,-4.0
1150,2019-06-26,-1,107.6925,,-4.0,-4.0
1151,2019-06-27,0,107.6925,,-4.0,-4.0
1152,2019-06-28,0,107.6925,,-4.0,-4.0
1153,2019-07-01,0.5,107.6925,108.45,-4.0,0
1154,2019-07-02,0,,,0,0
1155,2019-07-03,0,,,0,0
1156,2019-07-04,0,,,0,0
1157,2019-07-05,1,108.56,,0,1
1158,2019-07-08,1,108.64,,1,2.0
1159,2019-07-09,1,108.71,,2.0,3.0
1160,2019-07-10,1,108.6475,,3.0,4.0
1161,2019-07-11,0,108.6475,,4.0,4.0
1162,2019-07-12,0,108.6475,,4.0,4.0
1163,2019-07-15,-0.5,108.6475,107.91,4.0,0
1164,2019-07-16,0,,,0,0
1165,2019-07-17,0,,,0,0
1166,2019-07-18,0,,,0,0
1167,2019-07-19,0,,,0,0
1168,2019-07-22,0,,,0,0
1169,2019-07-23,0,,,0,0
1170,2019-07-24,0,,,0,0
1171,2019-07-25,0,,,0,0
1172,2019-07-26,0,,,0,0
1173,2019-07-29,1,108.85,,0,1
1174,2019-07-30,1,108.85,,1,1
1175,2019-07-31,1,108.815,,1,2.0
1176,2019-08-01,1,108.0775,,2.0,4.0
1177,2019-08-02,-1,106.59,106.59,4.0,-1
1178,2019-08-05,-1,106.11000000000001,,-1,-4
1179,2019-08-06,-1,106.11000000000001,,-4,-4
1180,2019-08-07,-1,106.11000000000001,,-4,-4
1181,2019-08-08,-1,106.11000000000001,,-4,-4
1182,2019-08-09,-1,106.11000000000001,,-4,-4
1183,2019-08-12,-1,106.11000000000001,,-4,-4
1184,2019-08-13,-1,106.11000000000001,,-4,-4
1185,2019-08-14,0,106.11000000000001,,-4,-4
1186,2019-08-15,0.5,106.11000000000001,106.12,-4,0
1187,2019-08-16,0,,,0,0
1188,2019-08-19,0,,,0,0
1189,2019-08-20,0,,,0,0
1190,2019-08-21,0,,,0,0
1191,2019-08-22,0,,,0,0
1192,2019-08-23,-1,105.3,,0,-1
1193,2019-08-26,-1,105.84666666666668,,-1,-3.0
1194,2019-08-27,0,105.8225,,-3.0,-4.0
1195,2019-08-28,0,105.8225,,-4.0,-4.0
1196,2019-08-29,0.5,105.8225,106.52,-4.0,0
1197,2019-08-30,0,,,0,0
1198,2019-09-02,0,,,0,0
1199,2019-09-03,0,,,0,0
1200,2019-09-04,0,,,0,0
1201,2019-09-05,1,106.94,,0,1
1202,2019-09-06,1,106.94,,1,1
1203,2019-09-09,1,107.09,,1,2.0
1204,2019-09-10,1,107.24000000000001,,2.0,3.0
1205,2019-09-11,1,107.385,,3.0,4.0
1206,2019-09-12,1,107.385,,4.0,4.0
1207,2019-09-13,1,107.385,,4.0,4.0
1208,2019-09-16,1,107.385,,4.0,4.0
1209,2019-09-17,1,107.385,,4.0,4.0
1210,2019-09-18,1,107.385,,4.0,4.0
1211,2019-09-19,1,107.385,,4.0,4.0
1212,2019-09-20,0,107.385,,4.0,4.0
1213,2019-09-23,-0.5,107.385,107.55,4.0,0
1214,2019-09-24,0,,,0,0
1215,2019-09-25,0,,,0,0
1216,2019-09-26,0,,,0,0
1217,2019-09-27,0,,,0,0
1218,2019-09-30,0,,,0,0
1219,2019-10-01,1,108.45,,0,1
1220,2019-10-02,-0.5,108.45,107.18,1,0
1221,2019-10-03,-1,106.92,,0,-1
1222,2019-10-04,-1,106.93,,-1,-2.0
1223,2019-10-07,-1,107.04,,-2.0,-3.0
1224,2019-10-08,-1,107.05250000000001,,-3.0,-4.0
1225,2019-10-09,0,107.05250000000001,,-4.0,-4.0
1226,2019-10-10,0,107.05250000000001,,-4.0,-4.0
1227,2019-10-11,1,108.45,108.29,-4.0,1
1228,2019-10-14,1,108.45,,1,1
1229,2019-10-15,1,108.655,,1,2.0
1230,2019-10-16,1,108.69,,2.0,3.0
1231,2019-10-17,1,108.6825,,3.0,4.0
1232,2019-10-18,0,108.6825,,4.0,4.0
1233,2019-10-21,0,108.6825,,4.0,4.0
1234,2019-10-22,0,108.6825,,4.0,4.0
1235,2019-10-23,0,108.6825,,4.0,4.0
1236,2019-10-24,0,108.6825,,4.0,4.0
1237,2019-10-25,0,108.6825,,4.0,4.0
1238,2019-10-28,1,108.6825,,4.0,4.0
1239,2019-10-29,1,108.6825,,4.0,4.0
1240,2019-10-30,1,108.6825,,4.0,4.0
1241,2019-10-31,-0.5,108.6825,108.03,4.0,0
1242,2019-11-01,0,,,0,0
1243,2019-11-04,0,,,0,0
1244,2019-11-05,1,109.16,,0,1
1245,2019-11-06,1,109.16,,1,1
1246,2019-11-07,1,109.22,,1,2.0
1247,2019-11-08,1,109.23333333333333,,2.0,3.0
1248,2019-11-11,0,109.23333333333333,,3.0,3.0
1249,2019-11-12,1,109.23333333333333,,3.0,3.0
1250,2019-11-13,0,109.23333333333333,,3.0,3.0
1251,2019-11-14,0,109.23333333333333,,3.0,3.0
1252,2019-11-15,-0.5,109.23333333333333,108.8,3.0,0
1253,2019-11-18,0,,,0,0
1254,2019-11-19,0,,,0,0
1255,2019-11-20,0,,,0,0
1256,2019-11-21,0,,,0,0
1257,2019-11-22,0,,,0,0
1258,2019-11-25,0,,,0,0
1259,2019-11-26,0,,,0,0
1260,2019-11-27,1,109.54,,0,1
1261,2019-11-28,1,109.54,,1,1
1262,2019-11-29,1,109.515,,1,2.0
1263,2019-12-02,1,109.33666666666666,,2.0,3.0
1264,2019-12-03,-0.5,109.33666666666666,108.63,3.0,0
1265,2019-12-04,0,,,0,0
1266,2019-12-05,0,,,0,0
1267,2019-12-06,0,,,0,0
1268,2019-12-09,0,,,0,0
1269,2019-12-10,0,,,0,0
1270,2019-12-11,0,,,0,0
1271,2019-12-12,0,,,0,0
1272,2019-12-13,1,109.54,,0,1
1273,2019-12-16,1,109.545,,1,2.0
1274,2019-12-17,1,109.545,,2.0,2.0
1275,2019-12-18,1,109.545,,2.0,2.0
1276,2019-12-19,1,109.48666666666668,,2.0,3.0
1277,2019-12-20,0,109.48666666666668,,3.0,3.0
1278,2019-12-23,0,109.48666666666668,,3.0,3.0
1279,2019-12-24,0,109.48666666666668,,3.0,3.0
1280,2019-12-25,0,109.48666666666668,,3.0,3.0
1281,2019-12-26,1,109.52250000000001,,3.0,4.0
1282,2019-12-27,0,109.52250000000001,,4.0,4.0
1283,2019-12-30,-0.5,109.52250000000001,108.88,4.0,0
1284,2019-12-31,-1,108.56,,0,-1
1285,2020-01-01,0,108.56,,-1,-1
1286,2020-01-02,-1,108.56666666666666,,-1,-3.0
1287,2020-01-03,-1,108.44749999999999,,-3.0,-4.0
1288,2020-01-06,-1,108.44749999999999,,-4.0,-4.0
1289,2020-01-07,0,108.44749999999999,,-4.0,-4.0
1290,2020-01-08,-1,108.44749999999999,,-4.0,-4.0
1291,2020-01-09,0.5,108.44749999999999,109.52,-4.0,0
1292,2020-01-10,1,109.63,,0,1
1293,2020-01-13,1,109.78999999999999,,1,2.0
1294,2020-01-14,1,109.88999999999999,,2.0,4.0
1295,2020-01-15,1,109.88999999999999,,4.0,4.0
1296,2020-01-16,1,109.88999999999999,,4.0,4.0
1297,2020-01-17,1,109.88999999999999,,4.0,4.0
1298,2020-01-20,1,109.88999999999999,,4.0,4.0
1299,2020-01-21,1,109.88999999999999,,4.0,4.0
1300,2020-01-22,0,109.88999999999999,,4.0,4.0
1301,2020-01-23,-0.5,109.88999999999999,109.49,4.0,0
1302,2020-01-24,0,,,0,0
1303,2020-01-27,0,,,0,0
1304,2020-01-28,0,,,0,0
1305,2020-01-29,0,,,0,0
1306,2020-01-30,0,,,0,0
1307,2020-01-31,0,,,0,0
1308,2020-02-03,-1,108.35,,0,-1
1309,2020-02-04,0,108.35,,-1,-1
1310,2020-02-05,0.5,108.35,109.83,-1,0
1311,2020-02-06,0,,,0,0
1312,2020-02-07,0,,,0,0
1313,2020-02-10,0,,,0,0
1314,2020-02-11,0,,,0,0
1315,2020-02-12,0,,,0,0
1316,2020-02-13,0,,,0,0
1317,2020-02-14,0,,,0,0
1318,2020-02-17,0,,,0,0
1319,2020-02-18,0,,,0,0
1320,2020-02-19,1,111.37,,0,1
1321,2020-02-20,1,111.91749999999999,,1,4
1322,2020-02-21,1,111.91749999999999,,4,4
1323,2020-02-24,-0.25,111.91749999999999,110.72,4,0
1324,2020-02-25,0,,,0,0
1325,2020-02-26,0,,,0,0
1326,2020-02-27,0,,,0,0
1327,2020-02-28,-1,107.89,,0,-1
1328,2020-03-02,-1,108.22,,-1,-4
1329,2020-03-03,-1,108.22,,-4,-4
1330,2020-03-04,-1,108.22,,-4,-4
1331,2020-03-05,-1,108.22,,-4,-4
1332,2020-03-06,-1,108.22,,-4,-4
1333,2020-03-09,-1,108.22,,-4,-4
1334,2020-03-10,-1,108.22,,-4,-4
1335,2020-03-11,0,108.22,,-4,-4
1336,2020-03-12,0,108.22,,-4,-4
1337,2020-03-13,0.5,108.22,107.62,-4,0
1338,2020-03-16,0,,,0,0
1339,2020-03-17,0,,,0,0
1340,2020-03-18,0,,,0,0
1341,2020-03-19,0,,,0,0
1342,2020-03-20,0,,,0,0
1343,2020-03-23,1,111.23,,0,1
1344,2020-03-24,1,111.23,,1,2.0
1345,2020-03-25,1,111.22333333333334,,2.0,3.0
1346,2020-03-26,1,111.22333333333334,,3.0,3.0
1347,2020-03-27,-0.25,111.22333333333334,107.94,3.0,0
1348,2020-03-30,0,,,0,0
1349,2020-03-31,0,,,0,0
1350,2020-04-01,0,,,0,0
1351,2020-04-02,0,,,0,0
1352,2020-04-03,0,,,0,0
1353,2020-04-06,0,,,0,0
1354,2020-04-07,0,,,0,0
1355,2020-04-08,0,,,0,0
1356,2020-04-09,0,,,0,0
1357,2020-04-10,0,,,0,0
1358,2020-04-13,0,,,0,0
1359,2020-04-14,-1,107.17,,0,-1
1360,2020-04-15,-1,107.17,,-1,-1
1361,2020-04-16,0,107.17,,-1,-1
1362,2020-04-17,0,107.17,,-1,-1
1363,2020-04-20,0,107.17,,-1,-1
1364,2020-04-21,0,107.17,,-1,-1
1365,2020-04-22,0,107.17,,-1,-1
1366,2020-04-23,0,107.17,,-1,-1
1367,2020-04-24,0,107.17,,-1,-1
1368,2020-04-27,-1,107.17,,-1,-1
1369,2020-04-28,-1,107.02000000000001,,-1,-2.0
1370,2020-04-29,-1,106.90666666666668,,-2.0,-3.0
1371,2020-04-30,-1,106.97500000000001,,-3.0,-4.0
1372,2020-05-01,-1,106.97500000000001,,-4.0,-4.0
1373,2020-05-04,-1,106.97500000000001,,-4.0,-4.0
1374,2020-05-05,-1,106.97500000000001,,-4.0,-4.0
1375,2020-05-06,-1,106.97500000000001,,-4.0,-4.0
1376,2020-05-07,-1,106.97500000000001,,-4.0,-4.0
1377,2020-05-08,0,106.97500000000001,,-4.0,-4.0
1378,2020-05-11,0.5,106.97500000000001,107.66,-4.0,0
1379,2020-05-12,0,,,0,0
1380,2020-05-13,0,,,0,0
1381,2020-05-14,0,,,0,0
1382,2020-05-15,0,,,0,0
1383,2020-05-18,0,,,0,0
1384,2020-05-19,1,107.8,,0,1
1385,2020-05-20,1,107.8,,1,1
1386,2020-05-21,1,107.8,,1,1
1387,2020-05-22,1,107.8,,1,1
1388,2020-05-25,1,107.8,,1,1
1389,2020-05-26,1,107.8,,1,1
1390,2020-05-27,1,107.8,,1,1
1391,2020-05-28,1,107.8,,1,1
1392,2020-05-29,1,107.8,,1,1
1393,2020-06-01,1,107.8,,1,1
1394,2020-06-02,1,108.46000000000001,,1,4
1395,2020-06-03,1,108.46000000000001,,4,4
1396,2020-06-04,1,108.46000000000001,,4,4
1397,2020-06-05,1,108.46000000000001,,4,4
1398,2020-06-08,1,108.46000000000001,,4,4
1399,2020-06-09,-0.25,108.46000000000001,107.76,4,0
1400,2020-06-10,-1,107.03,,0,-1
1401,2020-06-11,-1,106.95,,-1,-2.0
1402,2020-06-12,-1,107.09333333333332,,-2.0,-3.0
1403,2020-06-15,0,107.09333333333332,,-3.0,-3.0
1404,2020-06-16,0,107.09333333333332,,-3.0,-3.0
1405,2020-06-17,0,107.09333333333332,,-3.0,-3.0
1406,2020-06-18,-1,107.0625,,-3.0,-4.0
1407,2020-06-19,-1,107.0625,,-4.0,-4.0
1408,2020-06-22,-1,107.0625,,-4.0,-4.0
1409,2020-06-23,-1,107.0625,,-4.0,-4.0
1410,2020-06-24,-1,107.0625,,-4.0,-4.0
1411,2020-06-25,0.5,107.0625,107.19,-4.0,0
1412,2020-06-26,0,,,0,0
1413,2020-06-29,0,,,0,0
1414,2020-06-30,0,,,0,0
1415,2020-07-01,0,,,0,0
1416,2020-07-02,0,,,0,0
1417,2020-07-03,0,,,0,0
1418,2020-07-06,0,,,0,0
1419,2020-07-07,0,,,0,0
1420,2020-07-08,0,,,0,0
1421,2020-07-09,0,,,0,0
1422,2020-07-10,0,,,0,0
1423,2020-07-13,0,,,0,0
1424,2020-07-14,0,,,0,0
1425,2020-07-15,0,,,0,0
1426,2020-07-16,0,,,0,0
1427,2020-07-17,0,,,0,0
1428,2020-07-20,0,,,0,0
1429,2020-07-21,0,,,0,0
1430,2020-07-22,-1,106.8,,0,-1
1431,2020-07-23,-1,106.8,,-1,-1
1432,2020-07-24,-1,106.305,,-1,-4
1433,2020-07-27,-1,106.305,,-4,-4
1434,2020-07-28,-1,106.305,,-4,-4
1435,2020-07-29,-1,106.305,,-4,-4
1436,2020-07-30,-1,106.305,,-4,-4
1437,2020-07-31,-1,106.305,,-4,-4
1438,2020-08-03,0,106.305,,-4,-4
1439,2020-08-04,0,106.305,,-4,-4
1440,2020-08-05,0,106.305,,-4,-4
1441,2020-08-06,0,106.305,,-4,-4
1442,2020-08-07,0.5,106.305,105.92,-4,0
1443,2020-08-10,0,,,0,0
1444,2020-08-11,0,,,0,0
1445,2020-08-12,0,,,0,0
1446,2020-08-13,0,,,0,0
